原子质量	原子质量
巴	巴
平方厘米	平方厘米
立方厘米	立方厘米
厘米	厘米
美担	美担
摄氏度	摄氏度
分贝	分贝
立方分米	立方分米
分米	分米
英尺	英尺
华氏度	华氏度
吉字节	吉字节
吉赫兹	吉赫兹
吉帕斯卡	吉帕斯卡
吉瓦时	吉瓦时
吉瓦	吉瓦
戈瑞	戈瑞
小时	小时
公顷	公顷
赫兹	赫兹
千比特每秒	千比特每秒
千比特一秒	千比特一秒
千卡	千卡
千克力	千克力
千克	千克
千赫兹	千赫兹
平方千米	平方千米
公里	公里
千米	千米
千米每小时	千米每小时
千米一小时	千米一小时
千帕	千帕
千瓦时	千瓦时
千瓦	千瓦
磅	磅
平方米	平方米
立方米	立方米
兆比特每秒	兆比特每秒
兆比特一秒	兆比特一秒
克	克
毫克	毫克
兆赫兹	兆赫兹
平方英里	平方英里
分钟	分钟
英里	英里
毫升	毫升
平方毫米	平方毫米
毫米	毫米
摩尔	摩尔
兆帕	兆帕
英里每小时	英里每小时
英里一小时	英里一小时
毫秒	毫秒
毫伏	毫伏
毫瓦	毫瓦
千伏	千伏
米	米
纳克	纳克
纳米	纳米
纳秒	纳秒
盎司	盎司
度	度
帕斯卡	帕斯卡
皮克	皮克
皮秒	皮秒
弧度	弧度
转每分	转每分
平方英尺	平方英尺
平方英里	平方英里
系沃特	系沃特
秒	秒
太字节	太字节
万亿焦耳	万亿焦耳
台两	台两
伏特	伏特
码	码
微克	微克
微米	微米
微秒	微秒
欧米茄	欧米茄
度	度
